{"cameraMode":{"drawMode":0,"name":"Shaded","section":"Shading Mode"},"sceneLighting":true,"audioPlay":false,"sceneViewState":{"showFog":true,"showMaterialUpdate":false,"showSkybox":true,"showFlares":true,"showImageEffects":true,"showParticleSystems":true},"in2DMode":false,"pivot":{"x":49.97751998901367,"y":0.7248510718345642,"z":51.15026092529297},"rotation":{"x":-0.00028193945763632655,"y":-0.9979663491249085,"z":0.06476977467536926,"w":-0.009014269337058068},"size":0.3563149571418762,"orthographic":false}